{
      "name": "05-555电影",
      "url": "https://www.555dy.fun",
      "tihuan": "cnzz.com",
      "User": "User-Agent:Dart/2.14 (dart:io)",
      "shouye":"1",
      "fenlei": "Netflix美剧$/label/netflix/page-#电视剧$/vodtype/2-#电影$/vodtype/1-#福利$/vodtype/124-#综艺纪录片$/vodtype/3-#动漫$/vodtype/4-#港台剧$/vodtype/15-#日韩剧$/vodtype/44-#欧美剧$/vodtype/45-",
      "houzhui": ".html",
      "shifouercijiequ": "1",
      "jiequqian": "class=\"myui-vodlist clearfix",
      "jiequhou": "</ul>",
      "jiequshuzuqian": "class=\"myui-vodlist__thumb",
      "jiequshuzuhou": "</span>",
      "tupianqian": "original=\"",
      "tupianhou": "\"",
      "biaotiqian": "title=\"",
      "biaotihou": "\"",
      "lianjieqian": "href=\"",
      "lianjiehou": "\"",
      "sousuoqian": "/index.php/ajax/suggest?mid=1&wd=",
      "sousuohou": "&limit=50",
      "sousuohouzhui": "/voddetail/",
      "ssmoshi": "0",
      "sousuoshifouercijiequ": "0",
      "jspic": "pic",
      "jsname": "name",
      "jsid": "id",
      "ssjiequqian": "空",
      "ssjiequhou": "空",
      "ssjiequshuzuqian": "空",
      "ssjiequshuzuhou": "空",
      "sstupianqian": "空",
      "sstupianhou": "空",
      "ssbiaotiqian": "空",
      "ssbiaotihou": "空",
      "sslianjieqian": "空",
      "sslianjiehou": "空",
      "bfshifouercijiequ": "0",
      "bfjiequqian": "空",
      "bfjiequhou": "空",
      "bfjiequshuzuqian": "class=\"myui-content__list",
      "bfjiequshuzuhou": "</ul>",
      "zhuangtaiqian": "更新：</span>",
      "zhuangtaihou": "</p>",
      "daoyanqian": "导演：</span>",
      "daoyanhou": "</p>",
      "zhuyanqian": "主演：</span>",
      "zhuyanhou": "</p>",
      "juqingqian": "class=\"data\" style=\"display: none;\">",
      "juqinghou": "</span>",
      "bfyshifouercijiequ": "0",
      "bfyjiequqian": "空",
      "bfyjiequhou": "空",
      "bfyjiequshuzuqian": "<a",
      "bfyjiequshuzuhou": "/a>",
      "bfbiaotiqian": ">",
      "bfbiaotihou": "<",
      "bflianjieqian": "href=\"",
      "bflianjiehou": "\""
    }