{"name": "剧白白",
"url": "https://www.jubaibai.cc",
"tihuan": "cnzz.com",
"User": "空",
"shouye":"1",
"fenlei": "电视剧$/type/dianshiju-#电影$/type/dianying-#综艺$/type/zongyi-#动漫$/type/dongman-#纪录片$/type/jilupian-#动作片$/vodshow/id/dongzuopian/page/#喜剧片$/vodshow/id/xijupian/page/#爱情片$/vodshow/id/aiqingpian/page/#科幻片$/vodshow/id/kehuanpian/page/#恐怖片$/vodshow/id/kongbupian/page/#剧情片$/vodshow/id/juqingpian/page/#战争片$/vodshow/id/zhanzhengpian/page/#国产剧$/vodshow/id/guochanju/page/#港台剧$/vodshow/id/gangtaiju/page/#日韩剧$/vodshow/id/rihanju/page/#欧美剧$/vodshow/id/oumeiju/page/#其他剧$/vodshow/id/qitaju/page/",
"houzhui": ".html",
"shifouercijiequ": "0",
"jiequqian": "空",
"jiequhou": "空",
"jiequshuzuqian": "class=\"stui-vodlist__box\"",
"jiequshuzuhou": "</a>",
"tupianqian": "original=\"",
"tupianhou": "\"",
"biaotiqian": "title=\"",
"biaotihou": "\"",
"lianjieqian": "href=\"",
"lianjiehou": "\"",
"sousuoqian": "/index.php/ajax/suggest?mid=1&wd=",
"sousuohou": "&limit=500",
"sousuohouzhui": "/vod/",
"ssmoshi": "0",
"sousuoshifouercijiequ": "0",
"jspic": "pic",
"jsname": "name",
"jsid": "id",
"ssjiequqian": "空",
"ssjiequhou": "空",
"ssjiequshuzuqian": "空",
"ssjiequshuzuhou": "空",
"sstupianqian": "空",
"sstupianhou": "空",
"ssbiaotiqian": "空",
"ssbiaotihou": "空",
"sslianjieqian": "空",
"sslianjiehou": "空",
"bfshifouercijiequ": "0",
"bfjiequqian": "空",
"bfjiequhou": "空",
"bfjiequshuzuqian": "class=\"stui-content__playlist sort-list",
"bfjiequshuzuhou": "</ul>",
"zhuangtaiqian": "class=\"data hidden-xs\">类型：",
"zhuangtaihou": "</p>",
"daoyanqian": "class=\"data\">导演：",
"daoyanhou": "</p>",
"zhuyanqian": "class=\"data\">主演：",
"zhuyanhou": "</p>",
"juqingqian": "style=\"display: none;\">",
"juqinghou": "</span>",
"bfyshifouercijiequ": "0",
"bfyjiequqian": "空",
"bfyjiequhou": "空",
"bfyjiequshuzuqian": "<a",
"bfyjiequshuzuhou": "/a>",
"bfbiaotiqian": ">",
"bfbiaotihou": "<",
"bflianjieqian": "href=\"",
"bflianjiehou": "\""}