{"name": "奇优影院ll",
"url": "http://1e6e.com",
"User": "User-Agent:Dart/2.14 (dart:io)",
"shouye":"1",
"fenlei": "电影$/list/1_#电视剧$/list/2_#综艺$/list/4_#动漫$/list/3_#伦理$/list/6_",
"houzhui": ".html",
"shifouercijiequ": "0",
"jiequqian": "空",
"jiequhou": "空",
"jiequshuzuqian": "class=\"stui-vodlist__box\"",
"jiequshuzuhou": "</span>",
"tupianqian": "original=\"",
"tupianhou": "\"",
"biaotiqian": "title=\"",
"biaotihou": "\"",
"lianjieqian": "href=\"",
"lianjiehou": "\"",
"sousuoqian": "/search.php?searchword=",
"sousuohou": ";post;utf-8",
"sousuohouzhui": "/view/",
"ssmoshi": "0",
"sousuoshifouercijiequ": "0",
"jspic": "pic",
"jsname": "name",
"jsid": "id",
"ssjiequqian": "空",
"ssjiequhou": "空",
"ssjiequshuzuqian": "空",
"ssjiequshuzuhou": "空",
"sstupianqian": "空",
"sstupianhou": "空",
"ssbiaotiqian": "空",
"ssbiaotihou": "空",
"sslianjieqian": "空",
"sslianjiehou": "空",
"bfshifouercijiequ": "0",
"bfjiequqian": "空",
"bfjiequhou": "空",
"bfjiequshuzuqian": "class=\"stui-content__playlist clearfix\"",
"bfjiequshuzuhou": "</ul>",
"zhuangtaiqian": "class=\"pic-text text-right\">",
"zhuangtaihou": "</span>",
"daoyanqian": "导演：</span>",
"daoyanhou": "</p>",
"zhuyanqian": "主演：</span>",
"zhuyanhou": "</p>",
"juqingqian": "简介：</span>",
"juqinghou": "</div>",
"bfyshifouercijiequ": "0",
"bfyjiequqian": "空",
"bfyjiequhou": "空",
"bfyjiequshuzuqian": "<a",
"bfyjiequshuzuhou": "/a>",
"bfbiaotiqian": ">",
"bfbiaotihou": "<",
"bflianjieqian": "href=\"",
"bflianjiehou": "\""}