{
  "filter": {
    "dianshiju": [
      {
        "name": "类型",
        "value": [
          {
            "v": "",
            "n": "全部"
          },
          {
            "v": "qingchun",
            "n": "青春"
          },
          {
            "v": "jiating",
            "n": "家庭"
          },
          {
            "v": "junlv",
            "n": "军旅"
          },
          {
            "v": "yanqing",
            "n": "言情"
          },
          {
            "v": "guzhuang",
            "n": "古装"
          },
          {
            "v": "wuxia",
            "n": "武侠"
          },
          {
            "v": "ouxiang",
            "n": "偶像"
          },
          {
            "v": "diezhan",
            "n": "谍战"
          },
          {
            "v": "gongting",
            "n": "宫廷"
          },
          {
            "v": "xiju",
            "n": "喜剧"
          },
          {
            "v": "xunayi",
            "n": "悬疑"
          },
          {
            "v": "lishi",
            "n": "历史"
          },
          {
            "v": "niandai",
            "n": "年代"
          },
          {
            "v": "dushi",
            "n": "都市"
          },
          {
            "v": "lunli",
            "n": "伦理"
          },
          {
            "v": "jingfei",
            "n": "警匪"
          },
          {
            "v": "kehuan",
            "n": "科幻"
          },
          {
            "v": "dongzuo",
            "n": "动作"
          },
          {
            "v": "nongcun",
            "n": "农村"
          },
          {
            "v": "shenhua",
            "n": "神话"
          },
          {
            "v": "zhanzheng",
            "n": "战争"
          },
          {
            "v": "qingjing",
            "n": "情景"
          },
          {
            "v": "jilupian",
            "n": "纪录片"
          },
          {
            "v": "qita",
            "n": "其他"
          }
        ],
        "key": "type"
      },
      {
        "name": "地区",
        "value": [
          {
            "v": "",
            "n": "全部"
          },
          {
            "v": "neidi",
            "n": "内地"
          },
          {
            "v": "xianggang",
            "n": "香港"
          },
          {
            "v": "taiwan",
            "n": "台湾"
          },
          {
            "v": "hanguo",
            "n": "韩国"
          },
          {
            "v": "riben",
            "n": "日本"
          },
          {
            "v": "meiguo",
            "n": "美国"
          },
          {
            "v": "xinjiapo",
            "n": "新加坡"
          },
          {
            "v": "taiguo",
            "n": "泰国"
          },
          {
            "v": "yingguo",
            "n": "英国"
          },
          {
            "v": "qita",
            "n": "其他"
          }
        ],
        "key": "area"
      },
      {
        "name": "年份",
        "value": [
          {
            "v": "",
            "n": "全部"
          },
          {
            "v": "2022",
            "n": "2022"
          },
          {
            "v": "2021",
            "n": "2021"
          },
          {
            "v": "2020",
            "n": "2020"
          },
          {
            "v": "2019",
            "n": "2019"
          },
          {
            "v": "2018",
            "n": "2018"
          },
          {
            "v": "2017",
            "n": "2017"
          },
          {
            "v": "2016",
            "n": "2016"
          },
          {
            "v": "2015",
            "n": "2015"
          },
          {
            "v": "2014",
            "n": "2014"
          },
          {
            "v": "1",
            "n": "更早"
          }
        ],
        "key": "year"
      }
    ],
    "zongyi": [
      {
        "name": "类型",
        "value": [
          {
            "v": "",
            "n": "全部"
          },
          {
            "v": "qinggan",
            "n": "情感"
          },
          {
            "v": "zhenrenxiu",
            "n": "真人秀"
          },
          {
            "v": "fangtan",
            "n": "访谈"
          },
          {
            "v": "xuanxiu",
            "n": "选秀"
          },
          {
            "v": "gaoxiao",
            "n": "搞笑"
          },
          {
            "v": "tuokouxiu",
            "n": "脱口秀"
          },
          {
            "v": "jiaoyou",
            "n": "交友"
          },
          {
            "v": "meishi",
            "n": "美食"
          },
          {
            "v": "yinyue",
            "n": "音乐"
          },
          {
            "v": "quyi",
            "n": "曲艺"
          },
          {
            "v": "tiyu",
            "n": "体育"
          },
          {
            "v": "qiuzhi",
            "n": "求职"
          },
          {
            "v": "jushi",
            "n": "军事"
          },
          {
            "v": "lvyou",
            "n": "旅游"
          },
          {
            "v": "caijing",
            "n": "财经"
          },
          {
            "v": "jiaoyu",
            "n": "教育"
          },
          {
            "v": "shenghuo",
            "n": "生活"
          },
          {
            "v": "yangsheng",
            "n": "养生"
          },
          {
            "v": "shishang",
            "n": "时尚"
          },
          {
            "v": "qita",
            "n": "其他"
          }
        ],
        "key": "type"
      },
      {
        "name": "地区",
        "value": [
          {
            "v": "",
            "n": "全部"
          },
          {
            "v": "dalu",
            "n": "大陆"
          },
          {
            "v": "gangtai",
            "n": "港台"
          },
          {
            "v": "hanguo",
            "n": "韩国"
          },
          {
            "v": "oumei",
            "n": "欧美"
          },
          {
            "v": "riben",
            "n": "日本"
          },
          {
            "v": "qita",
            "n": "其他"
          }
        ],
        "key": "area"
      }
    ],
    "dongman": [
      {
        "name": "类型",
        "value": [
          {
            "v": "",
            "n": "全部"
          },
          {
            "v": "dongzuo",
            "n": "动作"
          },
          {
            "v": "qinzi",
            "n": "亲子"
          },
          {
            "v": "rexue",
            "n": "热血"
          },
          {
            "v": "maoxian",
            "n": "冒险"
          },
          {
            "v": "tongren",
            "n": "同人"
          },
          {
            "v": "yuanchuang",
            "n": "原创"
          },
          {
            "v": "gudai",
            "n": "古代"
          },
          {
            "v": "weilai",
            "n": "未来"
          },
          {
            "v": "jingji",
            "n": "竞技"
          },
          {
            "v": "tiyu",
            "n": "体育"
          },
          {
            "v": "gaoxiao",
            "n": "搞笑"
          },
          {
            "v": "yanqing",
            "n": "言情"
          },
          {
            "v": "xiaoyuan",
            "n": "校园"
          },
          {
            "v": "dushi",
            "n": "都市"
          },
          {
            "v": "mohuan",
            "n": "魔幻"
          },
          {
            "v": "kehuan",
            "n": "科幻"
          },
          {
            "v": "lizhi",
            "n": "励志"
          },
          {
            "v": "juqing",
            "n": "剧情"
          },
          {
            "v": "xuanyi",
            "n": "悬疑"
          },
          {
            "v": "chongwu",
            "n": "宠物"
          },
          {
            "v": "loli",
            "n": "LOLI"
          },
          {
            "v": "yizhi",
            "n": "益智"
          },
          {
            "v": "tonghua",
            "n": "童话"
          },
          {
            "v": "zhenren",
            "n": "真人"
          },
          {
            "v": "shenhua",
            "n": "神话"
          },
          {
            "v": "qita",
            "n": "其他"
          }
        ],
        "key": "type"
      },
      {
        "name": "地区",
        "value": [
          {
            "v": "",
            "n": "全部"
          },
          {
            "v": "riben",
            "n": "日本"
          },
          {
            "v": "meiguo",
            "n": "美国"
          },
          {
            "v": "dalu",
            "n": "大陆"
          },
          {
            "v": "taiwan",
            "n": "台湾"
          },
          {
            "v": "yingguo",
            "n": "英国"
          },
          {
            "v": "hanguo",
            "n": "韩国"
          },
          {
            "v": "qita",
            "n": "其他"
          }
        ],
        "key": "area"
      }
    ],
    "dianying": [
      {
        "name": "类型",
        "value": [
          {
            "v": "",
            "n": "全部"
          },
          {
            "v": "aiqing",
            "n": "爱情"
          },
          {
            "v": "donghua",
            "n": "动画"
          },
          {
            "v": "dongzuo",
            "n": "动作"
          },
          {
            "v": "jilupian",
            "n": "纪录片"
          },
          {
            "v": "jingsong",
            "n": "惊悚"
          },
          {
            "v": "jingfei",
            "n": "警匪"
          },
          {
            "v": "juqing",
            "n": "剧情"
          },
          {
            "v": "kehuan",
            "n": "科幻"
          },
          {
            "v": "kongbu",
            "n": "恐怖"
          },
          {
            "v": "lunli",
            "n": "伦理"
          },
          {
            "v": "qihuan",
            "n": "奇幻"
          },
          {
            "v": "qingchun",
            "n": "青春"
          },
          {
            "v": "weidianying",
            "n": "微电影"
          },
          {
            "v": "wenyi",
            "n": "文艺"
          },
          {
            "v": "wuxia",
            "n": "武侠"
          },
          {
            "v": "xiju",
            "n": "喜剧"
          },
          {
            "v": "xuanyi",
            "n": "悬疑"
          },
          {
            "v": "yinyue",
            "n": "音乐"
          },
          {
            "v": "zainan",
            "n": "灾难"
          },
          {
            "v": "zhanzheng",
            "n": "战争"
          },
          {
            "v": "qita",
            "n": "其他"
          }
        ],
        "key": "type"
      },
      {
        "name": "地区",
        "value": [
          {
            "v": "",
            "n": "全部"
          },
          {
            "v": "hanguo",
            "n": "韩国"
          },
          {
            "v": "neidi",
            "n": "内地"
          },
          {
            "v": "xianggang",
            "n": "香港"
          },
          {
            "v": "taiwan",
            "n": "台湾"
          },
          {
            "v": "meiguo",
            "n": "美国"
          },
          {
            "v": "ouzhou",
            "n": "欧洲"
          },
          {
            "v": "faguo",
            "n": "法国"
          },
          {
            "v": "riben",
            "n": "日本"
          },
          {
            "v": "taiguo",
            "n": "泰国"
          },
          {
            "v": "qita",
            "n": "其他"
          }
        ],
        "key": "area"
      },
      {
        "name": "年份",
        "value": [
          {
            "v": "",
            "n": "全部"
          },
          {
            "v": "2022",
            "n": "2022"
          },
          {
            "v": "2021",
            "n": "2021"
          },
          {
            "v": "2020",
            "n": "2020"
          },
          {
            "v": "2019",
            "n": "2019"
          },
          {
            "v": "2018",
            "n": "2018"
          },
          {
            "v": "2017",
            "n": "2017"
          },
          {
            "v": "2016",
            "n": "2016"
          },
          {
            "v": "2015",
            "n": "2015"
          },
          {
            "v": "2014",
            "n": "2014"
          },
          {
            "v": "1",
            "n": "更早"
          }
        ],
        "key": "year"
      }
    ]
  },
  "urls": {
    "dianshiju": "//m.kan.sogou.com/",
    "zongyi": "//m.kan.sogou.com/",
    "dongman": "//m.kan.sogou.com/",
    "search": "//m.kan.sogou.com/search?keyword={wd}",
    "main": "//m.kan.sogou.com/",
    "dianying": "//m.kan.sogou.com/"
  },
  "classes": [
    {
      "type_name": "电影",
      "type_id": "dianying"
    },
    {
      "type_name": "电视剧",
      "type_id": "dianshiju"
    },
    {
      "type_name": "综艺",
      "type_id": "zongyi"
    },
    {
      "type_name": "动漫",
      "type_id": "dongman"
    }
  ]
}