{
  "player": {
    "gqy2": {
      "sh": "高清2",
      "sn": 0,
      "pu": "",
      "or": 999
    },
    "xbyy": {
      "sh": "高清",
      "sn": 0,
      "pu": "",
      "or": 999
    },
    "ysgc": {
      "sh": "高清源",
      "sn": 0,
      "pu": "",
      "or": 999
    },
    "if101": {
      "sh": "小宝影院",
      "sn": 0,
      "pu": "",
      "or": 999
    },
    "bili": {
      "sh": "bili",
      "sn": 0,
      "pu": "",
      "or": 999
    },
    "dplayer": {
      "sh": "DPlayer-H5播放器",
      "sn": 0,
      "pu": "",
      "or": 999
    }
  },
  "filter": {
    "1": [
      {
        "key": "area",
        "name": "地区",
        "value": [
          {
            "n": "全部",
            "v": ""
          },
          {
            "n": "大陆",
            "v": "大陆"
          },
          {
            "n": "港台",
            "v": "港台"
          },
          {
            "n": "日韩",
            "v": "日韩"
          },
          {
            "n": "欧美",
            "v": "欧美"
          },
          {
            "n": "其它",
            "v": "其它"
          }
        ]
      },
      {
        "key": "class",
        "name": "分类",
        "value": [
          {
            "n": "全部",
            "v": ""
          },
          {
            "n": "喜剧片",
            "v": "喜剧片"
          },
          {
            "n": "冒险片",
            "v": "冒险片"
          },
          {
            "n": "剧情片",
            "v": "剧情片"
          },
          {
            "n": "动作片",
            "v": "动作片"
          },
          {
            "n": "动画电影",
            "v": "动画电影"
          },
          {
            "n": "同性片",
            "v": "同性片"
          },
          {
            "n": "奇幻片",
            "v": "奇幻片"
          },
          {
            "n": "恐怖片",
            "v": "恐怖片"
          },
          {
            "n": "悬疑片",
            "v": "悬疑片"
          },
          {
            "n": "惊悚片",
            "v": "惊悚片"
          },
          {
            "n": "歌舞片",
            "v": "歌舞片"
          },
          {
            "n": "灾难片",
            "v": "灾难片"
          },
          {
            "n": "爱情片",
            "v": "爱情片"
          },
          {
            "n": "犯罪片",
            "v": "犯罪片"
          },
          {
            "n": "科幻片",
            "v": "科幻片"
          },
          {
            "n": "经典片",
            "v": "经典片"
          },
          {
            "n": "网络电影",
            "v": "网络电影"
          },
          {
            "n": "战争片",
            "v": "战争片"
          }
        ]
      },
      {
        "key": "year",
        "name": "年份",
        "value": [
          {
            "n": "全部",
            "v": ""
          },
          {
            "n": "2022",
            "v": "2022"
          },
          {
            "n": "2021",
            "v": "2021"
          },
          {
            "n": "2020",
            "v": "2020"
          },
          {
            "n": "2019",
            "v": "2019"
          },
          {
            "n": "2018",
            "v": "2018"
          },
          {
            "n": "2017",
            "v": "2017"
          },
          {
            "n": "2016",
            "v": "2016"
          },
          {
            "n": "2015",
            "v": "2015"
          },
          {
            "n": "2014",
            "v": "2014"
          },
          {
            "n": "2013",
            "v": "2013"
          },
          {
            "n": "2012",
            "v": "2012"
          },
          {
            "n": "2011",
            "v": "2011"
          },
          {
            "n": "2010",
            "v": "2010"
          },
          {
            "n": "2009",
            "v": "2009"
          },
          {
            "n": "2008",
            "v": "2008"
          },
          {
            "n": "2007",
            "v": "2007"
          },
          {
            "n": "2006",
            "v": "2006"
          },
          {
            "n": "2005",
            "v": "2005"
          },
          {
            "n": "2004",
            "v": "2004"
          }
        ]
      },
      {
        "key": "lang",
        "name": "语言",
        "value": [
          {
            "n": "全部",
            "v": ""
          },
          {
            "n": "国语",
            "v": "国语"
          },
          {
            "n": "英语",
            "v": "英语"
          },
          {
            "n": "粤语",
            "v": "粤语"
          },
          {
            "n": "韩语",
            "v": "韩语"
          },
          {
            "n": "日语",
            "v": "日语"
          },
          {
            "n": "法语",
            "v": "法语"
          },
          {
            "n": "德语",
            "v": "德语"
          },
          {
            "n": "西班牙",
            "v": "西班牙"
          },
          {
            "n": "意大利",
            "v": "意大利"
          },
          {
            "n": "泰国语",
            "v": "泰国语"
          },
          {
            "n": "其它",
            "v": "其它"
          }
        ]
      },
      {
        "key": "by",
        "name": "排序",
        "value": [
          {
            "n": "时间",
            "v": "time"
          },
          {
            "n": "人气",
            "v": "hits"
          },
          {
            "n": "评分",
            "v": "score"
          }
        ]
      }
    ],
    "2": [
      {
        "key": "area",
        "name": "地区",
        "value": [
          {
            "n": "全部",
            "v": ""
          },
          {
            "n": "大陆",
            "v": "大陆"
          },
          {
            "n": "港台",
            "v": "港台"
          },
          {
            "n": "日韩",
            "v": "日韩"
          },
          {
            "n": "欧美",
            "v": "欧美"
          },
          {
            "n": "其它",
            "v": "其它"
          }
        ]
      },
      {
        "key": "class",
        "name": "分类",
        "value": [
          {
            "n": "全部",
            "v": ""
          },
          {
            "n": "偶像",
            "v": "偶像"
          },
          {
            "n": "爱情",
            "v": "爱情"
          },
          {
            "n": "言情",
            "v": "言情"
          },
          {
            "n": "古装",
            "v": "古装"
          },
          {
            "n": "历史",
            "v": "历史"
          },
          {
            "n": "玄幻",
            "v": "玄幻"
          },
          {
            "n": "谍战",
            "v": "谍战"
          },
          {
            "n": "历险",
            "v": "历险"
          },
          {
            "n": "都市",
            "v": "都市"
          },
          {
            "n": "科幻",
            "v": "科幻"
          },
          {
            "n": "军旅",
            "v": "军旅"
          },
          {
            "n": "喜剧",
            "v": "喜剧"
          },
          {
            "n": "武侠",
            "v": "武侠"
          },
          {
            "n": "江湖",
            "v": "江湖"
          },
          {
            "n": "罪案",
            "v": "罪案"
          },
          {
            "n": "青春",
            "v": "青春"
          },
          {
            "n": "家庭",
            "v": "家庭"
          },
          {
            "n": "战争",
            "v": "战争"
          },
          {
            "n": "悬疑",
            "v": "悬疑"
          },
          {
            "n": "穿越",
            "v": "穿越"
          },
          {
            "n": "宫廷",
            "v": "宫廷"
          },
          {
            "n": "神话",
            "v": "神话"
          },
          {
            "n": "商战",
            "v": "商战"
          },
          {
            "n": "警匪",
            "v": "警匪"
          },
          {
            "n": "动作",
            "v": "动作"
          },
          {
            "n": "惊悚",
            "v": "惊悚"
          },
          {
            "n": "剧情",
            "v": "剧情"
          },
          {
            "n": "同性",
            "v": "同性"
          },
          {
            "n": "奇幻",
            "v": "奇幻"
          }
        ]
      },
      {
        "key": "year",
        "name": "年份",
        "value": [
          {
            "n": "全部",
            "v": ""
          },
          {
            "n": "2022",
            "v": "2022"
          },
          {
            "n": "2021",
            "v": "2021"
          },
          {
            "n": "2020",
            "v": "2020"
          },
          {
            "n": "2019",
            "v": "2019"
          },
          {
            "n": "2018",
            "v": "2018"
          },
          {
            "n": "2017",
            "v": "2017"
          },
          {
            "n": "2016",
            "v": "2016"
          },
          {
            "n": "2015",
            "v": "2015"
          },
          {
            "n": "2014",
            "v": "2014"
          },
          {
            "n": "2013",
            "v": "2013"
          },
          {
            "n": "2012",
            "v": "2012"
          },
          {
            "n": "2011",
            "v": "2011"
          },
          {
            "n": "2010",
            "v": "2010"
          },
          {
            "n": "2009",
            "v": "2009"
          },
          {
            "n": "2008",
            "v": "2008"
          },
          {
            "n": "2007",
            "v": "2007"
          },
          {
            "n": "2006",
            "v": "2006"
          },
          {
            "n": "2005",
            "v": "2005"
          },
          {
            "n": "2004",
            "v": "2004"
          }
        ]
      },
      {
        "key": "lang",
        "name": "语言",
        "value": [
          {
            "n": "全部",
            "v": ""
          },
          {
            "n": "国语",
            "v": "国语"
          },
          {
            "n": "英语",
            "v": "英语"
          },
          {
            "n": "粤语",
            "v": "粤语"
          },
          {
            "n": "韩语",
            "v": "韩语"
          },
          {
            "n": "日语",
            "v": "日语"
          },
          {
            "n": "法语",
            "v": "法语"
          },
          {
            "n": "德语",
            "v": "德语"
          },
          {
            "n": "西班牙",
            "v": "西班牙"
          },
          {
            "n": "意大利",
            "v": "意大利"
          },
          {
            "n": "泰国语",
            "v": "泰国语"
          },
          {
            "n": "其它",
            "v": "其它"
          }
        ]
      },
      {
        "key": "by",
        "name": "排序",
        "value": [
          {
            "n": "时间",
            "v": "time"
          },
          {
            "n": "人气",
            "v": "hits"
          },
          {
            "n": "评分",
            "v": "score"
          }
        ]
      }
    ],
    "4": [
      {
        "key": "area",
        "name": "地区",
        "value": [
          {
            "n": "全部",
            "v": ""
          },
          {
            "n": "大陆",
            "v": "大陆"
          },
          {
            "n": "港台",
            "v": "港台"
          },
          {
            "n": "日韩",
            "v": "日韩"
          },
          {
            "n": "欧美",
            "v": "欧美"
          },
          {
            "n": "其它",
            "v": "其它"
          }
        ]
      },
      {
        "key": "class",
        "name": "分类",
        "value": [
          {
            "n": "全部",
            "v": ""
          },
          {
            "n": "热血",
            "v": "热血"
          },
          {
            "n": "格斗",
            "v": "格斗"
          },
          {
            "n": "机战",
            "v": "机战"
          },
          {
            "n": "少女",
            "v": "少女"
          },
          {
            "n": "竞技",
            "v": "竞技"
          },
          {
            "n": "科幻",
            "v": "科幻"
          },
          {
            "n": "魔幻",
            "v": "魔幻"
          },
          {
            "n": "爆笑",
            "v": "爆笑"
          },
          {
            "n": "推理",
            "v": "推理"
          },
          {
            "n": "冒险",
            "v": "冒险"
          },
          {
            "n": "恋爱",
            "v": "恋爱"
          },
          {
            "n": "校园",
            "v": "校园"
          },
          {
            "n": "治愈",
            "v": "治愈"
          },
          {
            "n": "泡面",
            "v": "泡面"
          },
          {
            "n": "穿越",
            "v": "穿越"
          },
          {
            "n": "灵异",
            "v": "灵异"
          },
          {
            "n": "耽美",
            "v": "耽美"
          },
          {
            "n": "动画电影",
            "v": "动画电影"
          },
          {
            "n": "其它",
            "v": "其它"
          }
        ]
      },
      {
        "key": "year",
        "name": "年份",
        "value": [
          {
            "n": "全部",
            "v": ""
          },
          {
            "n": "2022",
            "v": "2022"
          },
          {
            "n": "2021",
            "v": "2021"
          },
          {
            "n": "2020",
            "v": "2020"
          },
          {
            "n": "2019",
            "v": "2019"
          },
          {
            "n": "2018",
            "v": "2018"
          },
          {
            "n": "2017",
            "v": "2017"
          },
          {
            "n": "2016",
            "v": "2016"
          },
          {
            "n": "2015",
            "v": "2015"
          },
          {
            "n": "2014",
            "v": "2014"
          },
          {
            "n": "2013",
            "v": "2013"
          },
          {
            "n": "2012",
            "v": "2012"
          },
          {
            "n": "2011",
            "v": "2011"
          },
          {
            "n": "2010",
            "v": "2010"
          },
          {
            "n": "2009",
            "v": "2009"
          },
          {
            "n": "2008",
            "v": "2008"
          },
          {
            "n": "2007",
            "v": "2007"
          },
          {
            "n": "2006",
            "v": "2006"
          },
          {
            "n": "2005",
            "v": "2005"
          },
          {
            "n": "2004",
            "v": "2004"
          }
        ]
      },
      {
        "key": "lang",
        "name": "语言",
        "value": [
          {
            "n": "全部",
            "v": ""
          },
          {
            "n": "国语",
            "v": "国语"
          },
          {
            "n": "英语",
            "v": "英语"
          },
          {
            "n": "粤语",
            "v": "粤语"
          },
          {
            "n": "韩语",
            "v": "韩语"
          },
          {
            "n": "日语",
            "v": "日语"
          },
          {
            "n": "法语",
            "v": "法语"
          },
          {
            "n": "德语",
            "v": "德语"
          },
          {
            "n": "西班牙",
            "v": "西班牙"
          },
          {
            "n": "意大利",
            "v": "意大利"
          },
          {
            "n": "泰国语",
            "v": "泰国语"
          },
          {
            "n": "其它",
            "v": "其它"
          }
        ]
      },
      {
        "key": "by",
        "name": "排序",
        "value": [
          {
            "n": "时间",
            "v": "time"
          },
          {
            "n": "人气",
            "v": "hits"
          },
          {
            "n": "评分",
            "v": "score"
          }
        ]
      }
    ],
    "3": [
      {
        "key": "area",
        "name": "地区",
        "value": [
          {
            "n": "全部",
            "v": ""
          },
          {
            "n": "大陆",
            "v": "大陆"
          },
          {
            "n": "港台",
            "v": "港台"
          },
          {
            "n": "日韩",
            "v": "日韩"
          },
          {
            "n": "欧美",
            "v": "欧美"
          },
          {
            "n": "其它",
            "v": "其它"
          }
        ]
      },
      {
        "key": "class",
        "name": "分类",
        "value": [
          {
            "n": "全部",
            "v": ""
          },
          {
            "n": "真人秀",
            "v": "真人秀"
          },
          {
            "n": "选秀",
            "v": "选秀"
          },
          {
            "n": "网综",
            "v": "网综"
          },
          {
            "n": "脱口秀",
            "v": "脱口秀"
          },
          {
            "n": "搞笑",
            "v": "搞笑"
          },
          {
            "n": "竞技",
            "v": "竞技"
          },
          {
            "n": "情感",
            "v": "情感"
          },
          {
            "n": "访谈",
            "v": "访谈"
          },
          {
            "n": "演唱会",
            "v": "演唱会"
          },
          {
            "n": "晚会",
            "v": "晚会"
          },
          {
            "n": "其它",
            "v": "其它"
          }
        ]
      },
      {
        "key": "year",
        "name": "年份",
        "value": [
          {
            "n": "全部",
            "v": ""
          },
          {
            "n": "2022",
            "v": "2022"
          },
          {
            "n": "2021",
            "v": "2021"
          },
          {
            "n": "2020",
            "v": "2020"
          },
          {
            "n": "2019",
            "v": "2019"
          },
          {
            "n": "2018",
            "v": "2018"
          },
          {
            "n": "2017",
            "v": "2017"
          },
          {
            "n": "2016",
            "v": "2016"
          },
          {
            "n": "2015",
            "v": "2015"
          },
          {
            "n": "2014",
            "v": "2014"
          },
          {
            "n": "2013",
            "v": "2013"
          },
          {
            "n": "2012",
            "v": "2012"
          },
          {
            "n": "2011",
            "v": "2011"
          },
          {
            "n": "2010",
            "v": "2010"
          },
          {
            "n": "2009",
            "v": "2009"
          },
          {
            "n": "2008",
            "v": "2008"
          },
          {
            "n": "2007",
            "v": "2007"
          },
          {
            "n": "2006",
            "v": "2006"
          },
          {
            "n": "2005",
            "v": "2005"
          },
          {
            "n": "2004",
            "v": "2004"
          }
        ]
      },
      {
        "key": "lang",
        "name": "语言",
        "value": [
          {
            "n": "全部",
            "v": ""
          },
          {
            "n": "国语",
            "v": "国语"
          },
          {
            "n": "英语",
            "v": "英语"
          },
          {
            "n": "粤语",
            "v": "粤语"
          },
          {
            "n": "韩语",
            "v": "韩语"
          },
          {
            "n": "日语",
            "v": "日语"
          },
          {
            "n": "法语",
            "v": "法语"
          },
          {
            "n": "德语",
            "v": "德语"
          },
          {
            "n": "西班牙",
            "v": "西班牙"
          },
          {
            "n": "意大利",
            "v": "意大利"
          },
          {
            "n": "泰国语",
            "v": "泰国语"
          },
          {
            "n": "其它",
            "v": "其它"
          }
        ]
      },
      {
        "key": "by",
        "name": "排序",
        "value": [
          {
            "n": "时间",
            "v": "time"
          },
          {
            "n": "人气",
            "v": "hits"
          },
          {
            "n": "评分",
            "v": "score"
          }
        ]
      }
    ],
    "21": [
      {
        "key": "area",
        "name": "地区",
        "value": [
          {
            "n": "全部",
            "v": ""
          },
          {
            "n": "大陆",
            "v": "大陆"
          },
          {
            "n": "港台",
            "v": "港台"
          },
          {
            "n": "日韩",
            "v": "日韩"
          },
          {
            "n": "欧美",
            "v": "欧美"
          },
          {
            "n": "其它",
            "v": "其它"
          }
        ]
      },
      {
        "key": "class",
        "name": "分类",
        "value": [
          {
            "n": "全部",
            "v": ""
          },
          {
            "n": "文化",
            "v": "文化"
          },
          {
            "n": "探索",
            "v": "探索"
          },
          {
            "n": "军事",
            "v": "军事"
          },
          {
            "n": "解密",
            "v": "解密"
          },
          {
            "n": "科技",
            "v": "科技"
          },
          {
            "n": "历史",
            "v": "历史"
          },
          {
            "n": "人物",
            "v": "人物"
          },
          {
            "n": "自然",
            "v": "自然"
          },
          {
            "n": "其它",
            "v": "其它"
          }
        ]
      },
      {
        "key": "year",
        "name": "年份",
        "value": [
          {
            "n": "全部",
            "v": ""
          },
          {
            "n": "2022",
            "v": "2022"
          },
          {
            "n": "2021",
            "v": "2021"
          },
          {
            "n": "2020",
            "v": "2020"
          },
          {
            "n": "2019",
            "v": "2019"
          },
          {
            "n": "2018",
            "v": "2018"
          },
          {
            "n": "2017",
            "v": "2017"
          },
          {
            "n": "2016",
            "v": "2016"
          },
          {
            "n": "2015",
            "v": "2015"
          },
          {
            "n": "2014",
            "v": "2014"
          },
          {
            "n": "2013",
            "v": "2013"
          },
          {
            "n": "2012",
            "v": "2012"
          },
          {
            "n": "2011",
            "v": "2011"
          },
          {
            "n": "2010",
            "v": "2010"
          },
          {
            "n": "2009",
            "v": "2009"
          },
          {
            "n": "2008",
            "v": "2008"
          },
          {
            "n": "2007",
            "v": "2007"
          },
          {
            "n": "2006",
            "v": "2006"
          },
          {
            "n": "2005",
            "v": "2005"
          },
          {
            "n": "2004",
            "v": "2004"
          }
        ]
      },
      {
        "key": "lang",
        "name": "语言",
        "value": [
          {
            "n": "全部",
            "v": ""
          },
          {
            "n": "国语",
            "v": "国语"
          },
          {
            "n": "英语",
            "v": "英语"
          },
          {
            "n": "粤语",
            "v": "粤语"
          },
          {
            "n": "韩语",
            "v": "韩语"
          },
          {
            "n": "日语",
            "v": "日语"
          },
          {
            "n": "法语",
            "v": "法语"
          },
          {
            "n": "德语",
            "v": "德语"
          },
          {
            "n": "西班牙",
            "v": "西班牙"
          },
          {
            "n": "意大利",
            "v": "意大利"
          },
          {
            "n": "泰国语",
            "v": "泰国语"
          },
          {
            "n": "其它",
            "v": "其它"
          }
        ]
      },
      {
        "key": "by",
        "name": "排序",
        "value": [
          {
            "n": "时间",
            "v": "time"
          },
          {
            "n": "人气",
            "v": "hits"
          },
          {
            "n": "评分",
            "v": "score"
          }
        ]
      }
    ],
    "20": [
      {
        "key": "area",
        "name": "地区",
        "value": [
          {
            "n": "全部",
            "v": ""
          },
          {
            "n": "大陆",
            "v": "大陆"
          },
          {
            "n": "港台",
            "v": "港台"
          },
          {
            "n": "日韩",
            "v": "日韩"
          },
          {
            "n": "欧美",
            "v": "欧美"
          },
          {
            "n": "其它",
            "v": "其它"
          }
        ]
      },
      {
        "key": "year",
        "name": "年份",
        "value": [
          {
            "n": "全部",
            "v": ""
          },
          {
            "n": "2022",
            "v": "2022"
          },
          {
            "n": "2021",
            "v": "2021"
          },
          {
            "n": "2020",
            "v": "2020"
          },
          {
            "n": "2019",
            "v": "2019"
          },
          {
            "n": "2018",
            "v": "2018"
          },
          {
            "n": "2017",
            "v": "2017"
          },
          {
            "n": "2016",
            "v": "2016"
          },
          {
            "n": "2015",
            "v": "2015"
          },
          {
            "n": "2014",
            "v": "2014"
          },
          {
            "n": "2013",
            "v": "2013"
          },
          {
            "n": "2012",
            "v": "2012"
          },
          {
            "n": "2011",
            "v": "2011"
          },
          {
            "n": "2010",
            "v": "2010"
          },
          {
            "n": "2009",
            "v": "2009"
          },
          {
            "n": "2008",
            "v": "2008"
          },
          {
            "n": "2007",
            "v": "2007"
          },
          {
            "n": "2006",
            "v": "2006"
          },
          {
            "n": "2005",
            "v": "2005"
          },
          {
            "n": "2004",
            "v": "2004"
          }
        ]
      },
      {
        "key": "lang",
        "name": "语言",
        "value": [
          {
            "n": "全部",
            "v": ""
          },
          {
            "n": "国语",
            "v": "国语"
          },
          {
            "n": "英语",
            "v": "英语"
          },
          {
            "n": "粤语",
            "v": "粤语"
          },
          {
            "n": "韩语",
            "v": "韩语"
          },
          {
            "n": "日语",
            "v": "日语"
          },
          {
            "n": "法语",
            "v": "法语"
          },
          {
            "n": "德语",
            "v": "德语"
          },
          {
            "n": "西班牙",
            "v": "西班牙"
          },
          {
            "n": "意大利",
            "v": "意大利"
          },
          {
            "n": "泰国语",
            "v": "泰国语"
          },
          {
            "n": "其它",
            "v": "其它"
          }
        ]
      },
      {
        "key": "by",
        "name": "排序",
        "value": [
          {
            "n": "时间",
            "v": "time"
          },
          {
            "n": "人气",
            "v": "hits"
          },
          {
            "n": "评分",
            "v": "score"
          }
        ]
      }
    ]
  }
}
